{
  "resources": {
    "best_resources_vector": [
      148.80025612473878,
      1.0404555846432073,
      100,
      1.3293095182646208,
      63.56376650339607,
      0.9840655637259887,
      100,
      1.0728830968931402,
      87.38694778556543,
      0.07108562939341978,
      100,
      0.5285689465029136
    ],
    "best_fitness": [
      1363.9868157705018,
      -0.1810784336158943,
      -5.02636833942329,
      -300
    ],
    "best_resources_by_slice": {
      "eMBB": {
        "bandwidth": 148.80025612473878,
        "compute": 1.0404555846432073,
        "power": 100,
        "storage": 1.3293095182646208
      },
      "URLLC": {
        "bandwidth": 63.56376650339607,
        "compute": 0.9840655637259887,
        "power": 100,
        "storage": 1.0728830968931402
      },
      "mMTC": {
        "bandwidth": 87.38694778556543,
        "compute": 0.07108562939341978,
        "power": 100,
        "storage": 0.5285689465029136
      }
    }
  },
  "global_limits": {
    "bandwidth_max": 300,
    "compute_max": 500,
    "power_max": 300,
    "storage_max": 300
  },
  "phase_constraints": {
    "PA": {
      "eMBB": {
        "throughput_min": 60,
        "latency_max": 10,
        "cost_max": 200
      },
      "URLLC": {
        "throughput_min": 5,
        "latency_max": 2,
        "cost_max": 200
      },
      "mMTC": {
        "throughput_min": 20,
        "latency_max": 10,
        "cost_max": 30
      }
    }
  },
  "kpis_best_solution": {
    "throughput": {
      "eMBB": 677.1006854700114,
      "URLLC": 289.2405630970535,
      "mMTC": 397.645567203437
    },
    "latency_ms": {
      "eMBB": 0.035460946205934325,
      "URLLC": 0.02489792754604747,
      "mMTC": 0.1207195598639125
    },
    "cost_eur": {
      "eMBB": 2.369765102907828,
      "URLLC": 2.056948660619129,
      "mMTC": 0.5996545758963334
    },
    "energy": {
      "eMBB": 100,
      "URLLC": 100,
      "mMTC": 100
    },
    "throughput_total": 1363.9868157705018,
    "latency_total_ms": 0.1810784336158943,
    "cost_total_eur": 5.02636833942329
  },
  "within_global_limits": true,
  "front_0": {
    "solutions_front_0": [
      {
        "id": 1,
        "resources": {
          "eMBB": {
            "bandwidth": 148.80025612473878,
            "compute": 1.0404555846432073,
            "power": 100,
            "storage": 1.3293095182646208
          },
          "URLLC": {
            "bandwidth": 63.56376650339607,
            "compute": 0.9840655637259887,
            "power": 100,
            "storage": 1.0728830968931402
          },
          "mMTC": {
            "bandwidth": 87.38694778556543,
            "compute": 0.07108562939341978,
            "power": 100,
            "storage": 0.5285689465029136
          }
        },
        "kpis": {
          "throughput": {
            "eMBB": 677.1006854700114,
            "URLLC": 289.2405630970535,
            "mMTC": 397.645567203437
          },
          "latency_ms": {
            "eMBB": 0.035460946205934325,
            "URLLC": 0.02489792754604747,
            "mMTC": 0.1207195598639125
          },
          "cost_eur": {
            "eMBB": 2.369765102907828,
            "URLLC": 2.056948660619129,
            "mMTC": 0.5996545758963334
          },
          "energy": {
            "eMBB": 100,
            "URLLC": 100,
            "mMTC": 100
          },
          "throughput_total": 1363.9868157705018,
          "latency_total_ms": 0.1810784336158943,
          "cost_total_eur": 5.02636833942329,
          "energy_total": 300
        }
      },
      {
        "id": 2,
        "resources": {
          "eMBB": {
            "bandwidth": 148.80025612473878,
            "compute": 1.0404555846432073,
            "power": 100,
            "storage": 1.3293095182646208
          },
          "URLLC": {
            "bandwidth": 63.56376650339607,
            "compute": 0.9840655637259887,
            "power": 100,
            "storage": 1.0728830968931402
          },
          "mMTC": {
            "bandwidth": 87.38694778556543,
            "compute": 8.477926493101004,
            "power": 100,
            "storage": 0.5285689465029136
          }
        },
        "kpis": {
          "throughput": {
            "eMBB": 677.1006854700114,
            "URLLC": 289.2405630970535,
            "mMTC": 397.645567203437
          },
          "latency_ms": {
            "eMBB": 0.035460946205934325,
            "URLLC": 0.02489792754604747,
            "mMTC": 0.1207195598639125
          },
          "cost_eur": {
            "eMBB": 2.369765102907828,
            "URLLC": 2.056948660619129,
            "mMTC": 9.006495439603917
          },
          "energy": {
            "eMBB": 100,
            "URLLC": 100,
            "mMTC": 100
          },
          "throughput_total": 1363.9868157705018,
          "latency_total_ms": 0.1810784336158943,
          "cost_total_eur": 13.433209203130874,
          "energy_total": 300
        }
      },
      {
        "id": 3,
        "resources": {
          "eMBB": {
            "bandwidth": 148.80025612473878,
            "compute": 1.0404555846432073,
            "power": 100,
            "storage": 1.3293095182646208
          },
          "URLLC": {
            "bandwidth": 248.12488648908965,
            "compute": 0.9840655637259887,
            "power": 100,
            "storage": 1.0728830968931402
          },
          "mMTC": {
            "bandwidth": 87.38694778556543,
            "compute": 0.07108562939341978,
            "power": 100,
            "storage": 0.5285689465029136
          }
        },
        "kpis": {
          "throughput": {
            "eMBB": 677.1006854700114,
            "URLLC": 1129.0674834799538,
            "mMTC": 397.645567203437
          },
          "latency_ms": {
            "eMBB": 0.035460946205934325,
            "URLLC": 0.006377279624021464,
            "mMTC": 0.1207195598639125
          },
          "cost_eur": {
            "eMBB": 2.369765102907828,
            "URLLC": 2.056948660619129,
            "mMTC": 0.5996545758963334
          },
          "energy": {
            "eMBB": 100,
            "URLLC": 100,
            "mMTC": 100
          },
          "throughput_total": 2203.8137361534023,
          "latency_total_ms": 0.1625577856938683,
          "cost_total_eur": 5.02636833942329,
          "energy_total": 300
        }
      },
      {
        "id": 4,
        "resources": {
          "eMBB": {
            "bandwidth": 148.80025612473878,
            "compute": 1.0404555846432073,
            "power": 100,
            "storage": 1.3293095182646208
          },
          "URLLC": {
            "bandwidth": 63.56376650339607,
            "compute": 0.9840655637259887,
            "power": 100,
            "storage": 85.29914053333552
          },
          "mMTC": {
            "bandwidth": 87.38694778556543,
            "compute": 0.07108562939341978,
            "power": 100,
            "storage": 0.5285689465029136
          }
        },
        "kpis": {
          "throughput": {
            "eMBB": 677.1006854700114,
            "URLLC": 289.2405630970535,
            "mMTC": 397.645567203437
          },
          "latency_ms": {
            "eMBB": 0.035460946205934325,
            "URLLC": 0.02489792754604747,
            "mMTC": 0.1207195598639125
          },
          "cost_eur": {
            "eMBB": 2.369765102907828,
            "URLLC": 86.28320609706151,
            "mMTC": 0.5996545758963334
          },
          "energy": {
            "eMBB": 100,
            "URLLC": 100,
            "mMTC": 100
          },
          "throughput_total": 1363.9868157705018,
          "latency_total_ms": 0.1810784336158943,
          "cost_total_eur": 89.25262577586568,
          "energy_total": 300
        }
      },
      {
        "id": 5,
        "resources": {
          "eMBB": {
            "bandwidth": 148.80025612473878,
            "compute": 1.0404555846432073,