{
  "scenario": {
    "name": "low_congestion",
    "congestion_level": "low_congestion",
    "mcs_mode": "fixed",
    "fixed_imcs": 28,
    "packet_bits": 12000,
    "arrival_rate_unit": "packets_per_second",
    "arrival_rates": {
      "eMBB": 833.3333333333334,
      "URLLC": 833.3333333333334,
      "mMTC": 83.33333333333333
    },
    "alpha": 0.8,
    "kappa_run": 0.8,
    "sources": {
      "eMBB": {
        "spec": "3GPP TS 22.261 V20.6.0 (2026-03)",
        "page": 94,
        "table": "Table 7.1-1",
        "scenario": "Rural macro",
        "experienced_data_rate_dl_mbps": 50,
        "activity_factor": 0.2
      },
      "URLLC": {
        "spec": "3GPP TS 22.261 V20.6.0 (2026-03)",
        "page": 96,
        "table": "Table 7.2.3.2-1",
        "scenario": "Wireless road-side infrastructure backhaul",
        "user_experienced_data_rate_mbps": 10,
        "max_end_to_end_latency_ms": 30,
        "reliability_percent": 99.999
      },
      "mMTC": {
        "spec": "3GPP TS 22.261 V20.6.0 (2026-03)",
        "pages": "103-104",
        "table": "Table 7.5.2-1",
        "scenario": "Highly reliable machine type communication",
        "example_profile": "Medical monitoring",
        "bit_rate_anchor_mbps": 1
      }
    }
  },
  "resources": {
    "best_resources_vector": [
      94.71323971250493,
      18.931570643913687,
      39.048528030183874,
      75.320391768754,
      134.02523063985723,
      79.27236177607921,
      21.210340046514563,
      61.227315339649955,
      70.23087191649032,
      9.022780141000505,
      16.938844922671404,
      8.224841657201441
    ],
    "best_fitness": [
      1328.5450147072133,
      -0.22395906071232416,
      -201.59940906127906,
      -77.19771299936984
    ],
    "best_resources_by_slice": {
      "eMBB": {
        "bandwidth": 94.71323971250493,
        "compute": 18.931570643913687,
        "power": 39.048528030183874,
        "storage": 75.320391768754
      },
      "URLLC": {
        "bandwidth": 134.02523063985723,
        "compute": 79.27236177607921,
        "power": 21.210340046514563,
        "storage": 61.227315339649955
      },
      "mMTC": {
        "bandwidth": 70.23087191649032,
        "compute": 9.022780141000505,
        "power": 16.938844922671404,
        "storage": 8.224841657201441
      }
    }
  },
  "global_limits": {
    "bandwidth_max": 300.0,
    "compute_max": 500.0,
    "power_max": 100.0,
    "storage_max": 300.0
  },
  "phase_constraints": {
    "PA": {
      "eMBB": {
        "throughput_min": 60.0,
        "latency_max": 10.0,
        "cost_max": 200.0
      },
      "URLLC": {
        "throughput_min": 5.0,
        "latency_max": 2.0,
        "cost_max": 200.0
      },
      "mMTC": {
        "throughput_min": 20.0,
        "latency_max": 10.0,
        "cost_max": 30.0
      }
    }
  },
  "kpis_best_solution": {
    "throughput": {
      "eMBB": 420.88195897244384,
      "URLLC": 595.5746186558656,
      "mMTC": 312.0884370789039
    },
    "latency_ms": {
      "eMBB": 0.05771699540274329,
      "URLLC": 0.012192383830646959,
      "mMTC": 0.15404968147893391
    },
    "cost_eur": {
      "eMBB": 75.40156993013416,
      "URLLC": 112.39974169258333,
      "mMTC": 13.798097438561559
    },
    "energy": {
      "eMBB": 39.048528030183874,
      "URLLC": 21.210340046514563,
      "mMTC": 16.938844922671404
    },
    "throughput_total": 1328.5450147072133,
    "latency_total_ms": 0.22395906071232416,
    "cost_total_eur": 201.59940906127906,
    "energy_total": 77.19771299936984
  },
  "within_global_limits": true,
  "front_0": {
    "solutions_front_0": [
      {
        "id": 1,
        "resources": {
          "eMBB": {
            "bandwidth": 122.37004573024893,
            "compute": 24.40651201039008,
            "power": 0.5855814313391994,
            "storage": 61.31768991178681
          },
          "URLLC": {
            "bandwidth": 36.277485564687275,
            "compute": 1.9271582552548017,
            "power": 4.555847399214851,
            "storage": 41.06488717268672
          },
          "mMTC": {
            "bandwidth": 96.81952746002452,
            "compute": 13.791920757133672,
            "power": 27.036873567606868,
            "storage": 8.768449629137205
          }
        },
        "kpis": {
          "throughput": {
            "eMBB": 543.7818907137938,
            "URLLC": 161.2080764780791,
            "mMTC": 430.241775150484
          },
          "latency_ms": {
            "eMBB": 0.04454874074282277,
            "URLLC": 0.04613961403974111,
            "mMTC": 0.11169507753192548
          },
          "cost_eur": {
            "eMBB": 68.57936153774152,
            "URLLC": 34.39363634235322,
            "mMTC": 18.048296309016703
          },
          "energy": {
            "eMBB": 0.5855814313391994,
            "URLLC": 4.555847399214851,
            "mMTC": 27.036873567606868
          },
          "throughput_total": 1135.231742342357,
          "latency_total_ms": 0.20238343231448935,
          "cost_total_eur": 121.02129418911144,
          "energy_total": 32.178302398160916
        }
      },
      {
        "id": 2,
        "resources": {
          "eMBB": {
            "bandwidth": 51.97666759805452,
            "compute": 17.34782214125733,
            "power": 0.5855814313391994,
            "storage": 38.683340021331894
          },
          "URLLC": {
            "bandwidth": 91.73008562329834,
            "compute": 67.75951649535146,
            "power": 0.9809305885736141,
            "storage": 68.9587560787357
          },
          "mMTC": {
            "bandwidth": 62.75535845711041,
            "compute": 1.51080575675274,
            "power": 37.54847739626681,
            "storage": 0.8993828531664488
          }
        },
        "kpis": {
          "throughput": {
            "eMBB": 230.9713166388548,
            "URLLC": 407.62556798853205,
            "mMTC": 278.8691241437844
          },
          "latency_ms": {
            "eMBB": 0.10626013720917109,
            "URLLC": 0.0178853688940554,
            "mMTC": 0.1724333863477114
          },
          "cost_eur": {
            "eMBB": 44.82492973007138,
            "URLLC": 109.37461805926974,
            "mMTC": 1.928150887935351
          },
          "energy": {
            "eMBB": 0.5855814313391994,
            "URLLC": 0.9809305885736141,
            "mMTC": 37.54847739626681
          },
          "throughput_total": 917.4660087711712,
          "latency_total_ms": 0.2965788924509379,
          "cost_total_eur": 156.12769867727647,
          "energy_total": 39.114989416179625
        }
      },
      {
        "id": 4,
        "resources": {
          "eMBB": {
            "bandwidth": 133.94702794393527,
            "compute": 7.764596767145182,
            "power": 9.700572628839932,
            "storage": 35.333131790912276
          },
          "URLLC": {
            "bandwidth": 132.85721041598063,
            "compute": 1.9271582552548017,
            "power": 4.555847399214851,
            "storage": 41.06488717268672
          },
          "mMTC": {
            "bandwidth": 13.71159163387058,
            "compute": 8.879533082381519,
            "power": 19.783154039465302,
            "storage": 2.3436534941184672
          }
        },
        "kpis": {
          "throughput": {
            "eMBB": 595.2271054258624,
            "URLLC": 590.384228786014,
            "mMTC": 60.9308853230124
          },
          "latency_ms": {
            "eMBB": 0.04066521159414795,
            "URLLC": 0.012300504984914465,
            "mMTC": 0.7943497986553247
          },
          "cost_eur": {
            "eMBB": 34.47818284644597,
            "URLLC": 34.39363634235322,
            "mMTC": 8.978549261199989
          },
          "energy": {
            "eMBB": 9.700572628839932,
            "URLLC": 4.555847399214851,
            "mMTC": 19.783154039465302
          },