{
  "resources": {
    "best_resources_vector": [
      127.32007682814032,
      99.4679627669447,
      3.9394217333462045,
      0.25634961361963304,
      156.13513871432107,
      3.1775971181321694,
      60.15293007342558,
      2.161677557965802,
      16.34592405143067,
      3.980497987647911,
      16.671492111339603,
      10.849924544438684
    ],
    "best_fitness": [
      1364.2151056080465,
      -0.7040726885169498,
      -119.8940095887489,
      -80.76384391811139
    ],
    "best_resources_by_slice": {
      "eMBB": {
        "bandwidth": 127.32007682814032,
        "compute": 99.4679627669447,
        "power": 3.9394217333462045,
        "storage": 0.25634961361963304
      },
      "URLLC": {
        "bandwidth": 156.13513871432107,
        "compute": 3.1775971181321694,
        "power": 60.15293007342558,
        "storage": 2.161677557965802
      },
      "mMTC": {
        "bandwidth": 16.34592405143067,
        "compute": 3.980497987647911,
        "power": 16.671492111339603,
        "storage": 10.849924544438684
      }
    }
  },
  "global_limits": {
    "bandwidth_max": 300.0,
    "compute_max": 500.0,
    "power_max": 100.0,
    "storage_max": 300.0
  },
  "phase_constraints": {
    "PA": {
      "eMBB": {
        "throughput_min": 60.0,
        "latency_max": 10.0,
        "cost_max": 200.0
      },
      "URLLC": {
        "throughput_min": 5.0,
        "latency_max": 2.0,
        "cost_max": 200.0
      },
      "mMTC": {
        "throughput_min": 20.0,
        "latency_max": 10.0,
        "cost_max": 30.0
      }
    }
  },
  "kpis_best_solution": {
    "throughput": {
      "eMBB": 579.3572775987698,
      "URLLC": 710.4773352056467,
      "mMTC": 74.38049280363013
    },
    "latency_ms": {
      "eMBB": 0.04147332389383508,
      "URLLC": 0.010139454440806737,
      "mMTC": 0.652459910182308
    },
    "cost_eur": {
      "eMBB": 99.72431238056433,
      "URLLC": 5.339274676097972,
      "mMTC": 14.830422532086596
    },
    "energy": {
      "eMBB": 3.9394217333462045,
      "URLLC": 60.15293007342558,
      "mMTC": 16.671492111339603
    },
    "throughput_total": 1364.2151056080465,
    "latency_total_ms": 0.7040726885169498,
    "cost_total_eur": 119.8940095887489,
    "energy_total": 80.76384391811139
  },
  "within_global_limits": true,
  "front_0": {
    "solutions_front_0": [
      {
        "id": 1,
        "resources": {
          "eMBB": {
            "bandwidth": 127.32007682814032,
            "compute": 34.13836214567548,
            "power": 3.9394217333462045,
            "storage": 0.25634961361963304
          },
          "URLLC": {
            "bandwidth": 156.13513871432107,
            "compute": 3.1775971181321694,
            "power": 60.15293007342558,
            "storage": 2.161677557965802
          },
          "mMTC": {
            "bandwidth": 16.34592405143067,
            "compute": 3.980497987647911,
            "power": 16.671492111339603,
            "storage": 0.4260049292028356
          }
        },
        "kpis": {
          "throughput": {
            "eMBB": 579.3572775987698,
            "URLLC": 710.4773352056467,
            "mMTC": 74.38049280363013
          },
          "latency_ms": {
            "eMBB": 0.04147332389383508,
            "URLLC": 0.010139454440806737,
            "mMTC": 0.652459910182308
          },
          "cost_eur": {
            "eMBB": 34.39471175929511,
            "URLLC": 5.339274676097972,
            "mMTC": 4.406502916850747
          },
          "energy": {
            "eMBB": 3.9394217333462045,
            "URLLC": 60.15293007342558,
            "mMTC": 16.671492111339603
          },
          "throughput_total": 1364.2151056080465,
          "latency_total_ms": 0.7040726885169498,
          "cost_total_eur": 44.14048935224383,
          "energy_total": 80.76384391811139
        }
      },
      {
        "id": 2,
        "resources": {
          "eMBB": {
            "bandwidth": 64.82699237420736,
            "compute": 6.043555859048622,
            "power": 4.2518936397727085,
            "storage": 0.25634961361963304
          },
          "URLLC": {
            "bandwidth": 73.52541802288967,
            "compute": 3.1775971181321694,
            "power": 53.285052435330684,
            "storage": 2.161677557965802
          },
          "mMTC": {
            "bandwidth": 81.80434768842905,
            "compute": 0.8040292137180827,
            "power": 35.38950107564903,
            "storage": 0.4260049292028356
          }
        },
        "kpis": {
          "throughput": {
            "eMBB": 294.98874609959324,
            "URLLC": 334.57006217135716,
            "mMTC": 372.24250372142757
          },
          "latency_ms": {
            "eMBB": 0.08154506038180838,
            "URLLC": 0.021544650486239002,
            "mMTC": 0.12922785634051007
          },
          "cost_eur": {
            "eMBB": 6.2999054726682555,
            "URLLC": 5.339274676097972,
            "mMTC": 1.2300341429209183
          },
          "energy": {
            "eMBB": 4.2518936397727085,
            "URLLC": 53.285052435330684,
            "mMTC": 35.38950107564903
          },
          "throughput_total": 1001.801311992378,
          "latency_total_ms": 0.23231756720855745,
          "cost_total_eur": 12.869214291687145,
          "energy_total": 92.92644715075242
        }
      },
      {
        "id": 3,
        "resources": {
          "eMBB": {
            "bandwidth": 118.84808886219548,
            "compute": 0.6381082816503625,
            "power": 0.4931452145031989,
            "storage": 0.25634961361963304
          },
          "URLLC": {
            "bandwidth": 82.02920176626878,
            "compute": 13.831512979504579,
            "power": 0.9151357657317449,
            "storage": 1.8152234874101891
          },
          "mMTC": {
            "bandwidth": 33.6108215608092,
            "compute": 8.46860710329716,
            "power": 6.814948866582105,
            "storage": 0.7752865531581765
          }
        },
        "kpis": {
          "throughput": {
            "eMBB": 540.8063435585344,
            "URLLC": 373.26567971722955,
            "mMTC": 152.9426824303062
          },
          "latency_ms": {
            "eMBB": 0.044433400141794185,
            "URLLC": 0.019308883119278145,
            "mMTC": 0.31551027995513553
          },
          "cost_eur": {
            "eMBB": 0.8944578952699955,
            "URLLC": 15.646736466914767,
            "mMTC": 9.243893656455336
          },
          "energy": {
            "eMBB": 0.4931452145031989,
            "URLLC": 0.9151357657317449,
            "mMTC": 6.814948866582105
          },
          "throughput_total": 1067.0147057060701,
          "latency_total_ms": 0.37925256321620787,
          "cost_total_eur": 25.785088018640096,
          "energy_total": 8.223229846817048
        }
      },
      {
        "id": 4,
        "resources": {
          "eMBB": {
            "bandwidth": 240.93959965569243,
            "compute": 94.62403357695254,
            "power": 0.4931452145031989,
            "storage": 26.34116149559248
          },
          "URLLC": {
            "bandwidth": 47.42487238749477,
            "compute": 20.875306276948326,
            "power": 0.9151357657317449,
            "storage": 1.6709818949868893
          },
          "mMTC": {
            "bandwidth": 10.293496310384898,
            "compute": 3.0676746361635923,
            "power": 53.27727968042858,
            "storage": 5.5018630371584525
          }
        },
        "kpis": {
          "throughput": {
            "eMBB": 1096.371554273263,
            "URLLC": 215.80213931205625,
            "mMTC": 46.839525610775446
          },
          "latency_ms": {
            "eMBB": 0.021903803117778387,
            "URLLC": 0.03342285299775442,
            "mMTC": 1.0429907459333165
          },