{
  "resources": {
    "best_resources_vector": [
      160.56871076835577,
      3.999222992823781,
      11.152078731658666,
      6.023417706733469,
      46.68671010983976,
      37.01646566056984,
      1.4455133817898536,
      1.2243640416788493,
      91.40488854838686,
      0.1777485187391148,
      58.87463849446613,
      3.9104402984756566
    ],
    "best_fitness": [
      1359.0238720147208,
      -0.18238228492830777,
      -52.35165921902071,
      -71.47223060791465
    ],
    "best_resources_by_slice": {
      "eMBB": {
        "bandwidth": 160.56871076835577,
        "compute": 3.999222992823781,
        "power": 11.152078731658666,
        "storage": 6.023417706733469
      },
      "URLLC": {
        "bandwidth": 46.68671010983976,
        "compute": 37.01646566056984,
        "power": 1.4455133817898536,
        "storage": 1.2243640416788493
      },
      "mMTC": {
        "bandwidth": 91.40488854838686,
        "compute": 0.1777485187391148,
        "power": 58.87463849446613,
        "storage": 3.9104402984756566
      }
    }
  },
  "global_limits": {
    "bandwidth_max": 300.0,
    "compute_max": 500.0,
    "power_max": 300.0,
    "storage_max": 300.0
  },
  "phase_constraints": {
    "PA": {
      "eMBB": {
        "throughput_min": 60.0,
        "latency_max": 10.0,
        "cost_max": 200.0
      },
      "URLLC": {
        "throughput_min": 5.0,
        "latency_max": 2.0,
        "cost_max": 200.0
      },
      "mMTC": {
        "throughput_min": 20.0,
        "latency_max": 10.0,
        "cost_max": 30.0
      }
    }
  },
  "kpis_best_solution": {
    "throughput": {
      "eMBB": 730.6518614803263,
      "URLLC": 212.44320568381488,
      "mMTC": 415.92880485057964
    },
    "latency_ms": {
      "eMBB": 0.03286916355960753,
      "URLLC": 0.0339569629459025,
      "mMTC": 0.11555615842279775
    },
    "cost_eur": {
      "eMBB": 10.02264069955725,
      "URLLC": 38.24082970224869,
      "mMTC": 4.088188817214771
    },
    "energy": {
      "eMBB": 11.152078731658666,
      "URLLC": 1.4455133817898536,
      "mMTC": 58.87463849446613
    },
    "throughput_total": 1359.0238720147208,
    "latency_total_ms": 0.18238228492830777,
    "cost_total_eur": 52.35165921902071,
    "energy_total": 71.47223060791465
  },
  "within_global_limits": true,
  "front_0": {
    "solutions_front_0": [
      {
        "id": 1,
        "resources": {
          "eMBB": {
            "bandwidth": 122.92798391827439,
            "compute": 1.4832934431486366,
            "power": 60.30366264825725,
            "storage": 0.1339205985851688
          },
          "URLLC": {
            "bandwidth": 75.75019874077189,
            "compute": 0.9790767759197183,
            "power": 1.4455133817898536,
            "storage": 1.2243640416788493
          },
          "mMTC": {
            "bandwidth": 91.40488854838686,
            "compute": 10.680693600366116,
            "power": 31.70383127064137,
            "storage": 1.0903309067567857
          }
        },
        "kpis": {
          "throughput": {
            "eMBB": 559.3714980217159,
            "URLLC": 344.6937043500085,
            "mMTC": 415.92880485057964
          },
          "latency_ms": {
            "eMBB": 0.0429424829827497,
            "URLLC": 0.020912969330998968,
            "mMTC": 0.11555615842279775
          },
          "cost_eur": {
            "eMBB": 1.6172140417338055,
            "URLLC": 2.2034408175985676,
            "mMTC": 11.7710245071229
          },
          "energy": {
            "eMBB": 60.30366264825725,
            "URLLC": 1.4455133817898536,
            "mMTC": 31.70383127064137
          },
          "throughput_total": 1319.994007222304,
          "latency_total_ms": 0.17941161073654643,
          "cost_total_eur": 15.591679366455274,
          "energy_total": 93.45300730068847
        }
      },
      {
        "id": 2,
        "resources": {
          "eMBB": {
            "bandwidth": 99.97946924219734,
            "compute": 5.000004912443956,
            "power": 2.0864606801591634,
            "storage": 0.1339205985851688
          },
          "URLLC": {
            "bandwidth": 45.410218010697825,
            "compute": 0.9790767759197183,
            "power": 1.4455133817898536,
            "storage": 1.2243640416788493
          },
          "mMTC": {
            "bandwidth": 46.05613120720701,
            "compute": 0.1777485187391148,
            "power": 2.6128388004292846,
            "storage": 12.790782392202937
          }
        },
        "kpis": {
          "throughput": {
            "eMBB": 454.94657683969484,
            "URLLC": 206.6346560358794,
            "mMTC": 209.5738194452748
          },
          "latency_ms": {
            "eMBB": 0.05280969175894438,
            "URLLC": 0.03491340381114616,
            "mMTC": 0.22963578871810206
          },
          "cost_eur": {
            "eMBB": 5.133925511029124,
            "URLLC": 2.2034408175985676,
            "mMTC": 12.968530910942052
          },
          "energy": {
            "eMBB": 2.0864606801591634,
            "URLLC": 1.4455133817898536,
            "mMTC": 2.6128388004292846
          },
          "throughput_total": 871.155052320849,
          "latency_total_ms": 0.3173588842881926,
          "cost_total_eur": 20.305897239569745,
          "energy_total": 6.144812862378302
        }
      },
      {
        "id": 3,
        "resources": {
          "eMBB": {
            "bandwidth": 114.95772906926993,
            "compute": 1.4832934431486366,
            "power": 60.30366264825725,
            "storage": 0.1339205985851688
          },
          "URLLC": {
            "bandwidth": 75.75019874077189,
            "compute": 57.829683572608026,
            "power": 48.8601923667253,
            "storage": 1.2243640416788493
          },
          "mMTC": {
            "bandwidth": 91.40488854838686,
            "compute": 0.1777485187391148,
            "power": 12.824163280327017,
            "storage": 0.6222357302956832
          }
        },
        "kpis": {
          "throughput": {
            "eMBB": 523.1036503568059,
            "URLLC": 344.6937043500085,
            "mMTC": 415.92880485057964
          },
          "latency_ms": {
            "eMBB": 0.045922536968381625,
            "URLLC": 0.020912969330998968,
            "mMTC": 0.11555615842279775
          },
          "cost_eur": {
            "eMBB": 1.6172140417338055,
            "URLLC": 59.05404761428687,
            "mMTC": 0.799984249034798
          },
          "energy": {
            "eMBB": 60.30366264825725,
            "URLLC": 48.8601923667253,
            "mMTC": 12.824163280327017
          },
          "throughput_total": 1283.726159557394,
          "latency_total_ms": 0.18239166472217833,
          "cost_total_eur": 61.471245905055476,
          "energy_total": 121.98801829530956
        }
      },
      {
        "id": 4,
        "resources": {
          "eMBB": {
            "bandwidth": 160.56871076835577,
            "compute": 3.999222992823781,
            "power": 11.152078731658666,
            "storage": 6.023417706733469
          },
          "URLLC": {
            "bandwidth": 44.255898124424554,
            "compute": 90.86379223882284,
            "power": 1.4455133817898536,
            "storage": 1.2243640416788493
          },
          "mMTC": {
            "bandwidth": 91.40488854838686,
            "compute": 0.1777485187391148,
            "power": 58.87463849446613,
            "storage": 3.9104402984756566
          }
        },
        "kpis": {
          "throughput": {
            "eMBB": 730.6518614803263,
            "URLLC": 201.38203882538153,
            "mMTC": 415.92880485057964
          },
          "latency_ms": {
            "eMBB": 0.03286916355960753,
            "URLLC": 0.035825907483946456,
            "mMTC": 0.11555615842279775
          },