{
  "resources": {
    "best_resources_vector": [
      213.64055472066158,
      13.917472796580011,
      12.424171422117569,
      70.15935072926192,
      46.01534369808665,
      24.654695686246196,
      15.779336243799957,
      64.96293648743591,
      18.22421144844093,
      0.3491969776108722,
      45.08108832122091,
      14.846260550654446
    ],
    "best_fitness": [
      718.962517306352,
      -1.5080075104408188,
      -188.88991322778935,
      -73.28459598713843
    ],
    remove it
    "best_resources_by_slice": {
      "eMBB": {
        "bandwidth": 213.64055472066158,
        "compute": 13.917472796580011,
        "power": 12.424171422117569,
        "storage": 70.15935072926192
      },
      "URLLC": {
        "bandwidth": 46.01534369808665,
        "compute": 24.654695686246196,
        "power": 15.779336243799957,
        "storage": 64.96293648743591
      },
      "mMTC": {
        "bandwidth": 18.22421144844093,
        "compute": 0.3491969776108722,
        "power": 45.08108832122091,
        "storage": 14.846260550654446
      }
    }
  },
  "global_limits": {
    "bandwidth_max": 300.0,
    "compute_max": 500.0,
    "power_max": 100.0,
    "storage_max": 300.0
  },
  "phase_constraints": {
    "PA": {
      "eMBB": {
        "throughput_min": 60.0,
        "latency_max": 10.0,
        "cost_max": 200.0
      },
      "URLLC": {
        "throughput_min": 5.0,
        "latency_max": 2.0,
        "cost_max": 200.0
      },
      "mMTC": {
        "throughput_min": 20.0,
        "latency_max": 10.0,
        "cost_max": 30.0
      }
    }
  },
  "kpis_best_solution": {
    "throughput": {
      "eMBB": 577.7958016364817,
      "URLLC": 106.22750266706149,
      "mMTC": 27.76918611729081
    },
    "latency_ms": {
      "eMBB": 0.04157720785349094,
      "URLLC": 0.06802201410444457,
      "mMTC": 1.7783511757652748
    },
    "cost_eur": {
      "eMBB": 278.25177332071326,
      "URLLC": 296.5890482942189,
      "mMTC": 50.28928099739442
    },
    "energy": {
      "eMBB": 12.424171422117569,
      "URLLC": 15.779336243799957,
      "mMTC": 45.08108832122091
    },
    "throughput_total": 711.7924904208339,
    "latency_total_ms": 1.8879503977232104,
    "cost_total_eur": 625.1301026123265,
    "energy_total": 73.28459598713843
  },
  "within_global_limits": true,
  "front_0": {
    "solutions_front_0": [
      {
        "id": 1,
        "resources": {
          "eMBB": {
            "bandwidth": 117.0977424455275,
            "compute": 4.623308554832994,
            "power": 1.0765717573178457,
            "storage": 7.616199138397139
          },
          "URLLC": {
            "bandwidth": 46.01534369808665,
            "compute": 11.413925109665989,
            "power": 1.4739364879238215,
            "storage": 79.4748610751109
          },
          "mMTC": {
            "bandwidth": 73.15062484511462,
            "compute": 6.5753483541586695,
            "power": 14.300828274233378,
            "storage": 6.521338791564306
          }
        },
        "kpis": {
          "throughput": {
            "eMBB": 205.91596550965298,
            "URLLC": 99.44702377341926,
            "mMTC": 132.42582401097104
          },
          "latency_ms": {
            "eMBB": 0.11686887999860326,
            "URLLC": 0.07267771145645578,
            "mMTC": 0.36456203751010613
          },
          "cost_eur": {
            "eMBB": 40.506581687961,
            "URLLC": 300.7959253254634,
            "mMTC": 43.343412252056964
          },
          "energy": {
            "eMBB": 1.0765717573178457,
            "URLLC": 1.4739364879238215,
            "mMTC": 14.300828274233378
          },
          "throughput_total": 437.7888132940433,
          "latency_total_ms": 0.5541086289651652,
          "cost_total_eur": 384.6459192654813,
          "energy_total": 16.851336519475044
        }
      },
      {
        "id": 2,
        "resources": {
          "eMBB": {
            "bandwidth": 213.64055472066158,
            "compute": 4.623308554832994,
            "power": 69.30978410360372,
            "storage": 7.616199138397139
          },
          "URLLC": {
            "bandwidth": 140.92757791193478,
            "compute": 74.29320275215719,
            "power": 86.96980529023847,
            "storage": 54.83472446959144
          },
          "mMTC": {
            "bandwidth": 3.8836658955642256,
            "compute": 6.5753483541586695,
            "power": 88.13859162602117,
            "storage": 5.764441519837794
          }
        },
        "kpis": {
          "throughput": {
            "eMBB": 447.01897410559076,
            "URLLC": 383.43009560023785,
            "mMTC": 9.10134240662916
          },
          "latency_ms": {
            "eMBB": 0.05375593988363394,
            "URLLC": 0.01879641367918918,
            "mMTC": 5.799889761053622
          },
          "cost_eur": {
            "eMBB": 40.506581687961,
            "URLLC": 427.3481469436825,
            "mMTC": 40.838464999681534
          },
          "energy": {
            "eMBB": 69.30978410360372,
            "URLLC": 86.96980529023847,
            "mMTC": 88.13859162602117
          },
          "throughput_total": 839.5504121124578,
          "latency_total_ms": 5.872442114616446,
          "cost_total_eur": 508.693193631325,
          "energy_total": 244.41818101986334
        }
      },
      {
        "id": 3,
        "resources": {
          "eMBB": {
            "bandwidth": 117.0977424455275,
            "compute": 41.20835732372095,
            "power": 64.7229367647353,
            "storage": 70.19705241941102
          },
          "URLLC": {
            "bandwidth": 27.557488110423122,
            "compute": 24.239636025420797,
            "power": 46.230242122314394,
            "storage": 79.4748610751109
          },
          "mMTC": {
            "bandwidth": 64.54972847676719,
            "compute": 4.680157073077895,
            "power": 32.83147103933579,
            "storage": 12.094391603328825
          }
        },
        "kpis": {
          "throughput": {
            "eMBB": 244.64157204311394,
            "URLLC": 74.97730719025661,
            "mMTC": 109.56312382149062
          },
          "latency_ms": {
            "eMBB": 0.09832672020156265,
            "URLLC": 0.096518226843222,
            "mMTC": 0.4411715715762665
          },
          "cost_eur": {
            "eMBB": 368.69557529155855,
            "URLLC": 343.24254327256864,
            "mMTC": 55.515274247131515
          },
          "energy": {
            "eMBB": 64.7229367647353,
            "URLLC": 46.230242122314394,
            "mMTC": 32.83147103933579
          },
          "throughput_total": 429.1820030548612,
          "latency_total_ms": 0.6360165186210511,
          "cost_total_eur": 767.4533928112587,
          "energy_total": 143.78464992638547
        }
      },
      {
        "id": 4,
        "resources": {
          "eMBB": {
            "bandwidth": 281.30153269059855,
            "compute": 46.44432457883364,
            "power": 2.3325712755467354,
            "storage": 97.92426801119028
          },
          "URLLC": {
            "bandwidth": 205.92891364630685,
            "compute": 64.02282216687279,
            "power": 6.114655207503317,
            "storage": 20.960785349255584
          },
          "mMTC": {
            "bandwidth": 17.843756006964384,
            "compute": 11.845032516655571,
            "power": 64.6035649765041,
            "storage": 13.452228960809895
          }
        },
        "kpis": {
          "throughput": {
            "eMBB": 588.5920054930489,
            "URLLC": 445.04758467924273,
            "mMTC": 34.36787864150842
          },
          "latency_ms": {
            "eMBB": 0.04081385836082091,
            "URLLC": 0.016191805732817668,
            "mMTC": 1.4288201194628918
          },
          "cost_eur": {
            "eMBB": 477.78704303264743,