{
  "resources": {
    "best_resources_vector": [
      140.34508595878623,
      50.21807092885834,
      38.92037639175806,
      27.211169921728207,
      111.12175332438073,
      97.38562184682976,
      25.47079488863474,
      53.495614958010215,
      38.89576768653288,
      14.297144355001024,
      8.596225110018619,
      0.11052402179109078
    ],
    "best_fitness": [
      727.7516384274588,
      -0.6926144803170106,
      -242.71814603221864,
      -72.98739639041142
    ],
    "best_resources_by_slice": {
      "eMBB": {
        "bandwidth": 140.34508595878623,
        "compute": 50.21807092885834,
        "power": 38.92037639175806,
        "storage": 27.211169921728207
      },
      "URLLC": {
        "bandwidth": 111.12175332438073,
        "compute": 97.38562184682976,
        "power": 25.47079488863474,
        "storage": 53.495614958010215
      },
      "mMTC": {
        "bandwidth": 38.89576768653288,
        "compute": 14.297144355001024,
        "power": 8.596225110018619,
        "storage": 0.11052402179109078
      }
    }
  },
  "global_limits": {
    "bandwidth_max": 300.0,
    "compute_max": 500.0,
    "power_max": 100.0,
    "storage_max": 300.0
  },
  "phase_constraints": {
    "PA": {
      "eMBB": {
        "throughput_min": 60.0,
        "latency_max": 10.0,
        "cost_max": 200.0
      },
      "URLLC": {
        "throughput_min": 5.0,
        "latency_max": 2.0,
        "cost_max": 200.0
      },
      "mMTC": {
        "throughput_min": 20.0,
        "latency_max": 10.0,
        "cost_max": 30.0
      }
    }
  },
  "kpis_best_solution": {
    "throughput": {
      "eMBB": 269.2823544967374,
      "URLLC": 252.13300861159018,
      "mMTC": 99.08545313227091
    },
    "latency_ms": {
      "eMBB": 0.08926804402066774,
      "URLLC": 0.028599102599285737,
      "mMTC": 0.48845932353728205
    },
    "cost_eur": {
      "eMBB": 383.53642462588624,
      "URLLC": 747.3720453869286,
      "mMTC": 71.36665109623677
    },
    "energy": {
      "eMBB": 38.92037639175806,
      "URLLC": 25.47079488863474,
      "mMTC": 8.596225110018619
    },
    "throughput_total": 620.5008162405985,
    "latency_total_ms": 0.6063264701572355,
    "cost_total_eur": 1202.2751211090517,
    "energy_total": 72.98739639041142
  },
  "within_global_limits": true,
  "front_0": {
    "solutions_front_0": [
      {
        "id": 1,
        "resources": {
          "eMBB": {
            "bandwidth": 131.09252849500083,
            "compute": 1.5581765735270259,
            "power": 45.35137688107209,
            "storage": 1.8264032156993903
          },
          "URLLC": {
            "bandwidth": 75.10280962588837,
            "compute": 6.662919336425799,
            "power": 0.8423753458399963,
            "storage": 32.49815345061429
          },
          "mMTC": {
            "bandwidth": 42.59524123517482,
            "compute": 0.3280529965947865,
            "power": 8.596225110018619,
            "storage": 4.217476877737859
          }
        },
        "kpis": {
          "throughput": {
            "eMBB": 352.73235351193676,
            "URLLC": 143.4321693718782,
            "mMTC": 108.50971789732797
          },
          "latency_ms": {
            "eMBB": 0.06812309868220587,
            "URLLC": 0.05033035234851687,
            "mMTC": 0.4457113510838014
          },
          "cost_eur": {
            "eMBB": 16.765108594127483,
            "URLLC": 193.97966034871266,
            "mMTC": 22.515735100591396
          },
          "energy": {
            "eMBB": 45.35137688107209,
            "URLLC": 0.8423753458399963,
            "mMTC": 8.596225110018619
          },
          "throughput_total": 604.6742407811429,
          "latency_total_ms": 0.5641648021145241,
          "cost_total_eur": 233.26050404343155,
          "energy_total": 54.789977336930704
        }
      }
    ]
  }
}