{
  "resources": {
    "best_resources_vector": [
      227.29636799601528,
      80.86130555879022,
      0.6334691767403311,
      64.57068705553401,
      44.901085593290745,
      91.53477105431,
      51.19314860881781,
      45.67709136827661,
      16.893550236954923,
      7.601823134511039,
      20.992245156834667,
      6.312277724763649
    ],
    "best_fitness": [
      692.9652028501903,
      -1.3744382191067621,
      -296.55795589618555,
      -72.81886294239281
    ],
    "best_resources_by_slice": {
      "eMBB": {
        "bandwidth": 227.29636799601528,
        "compute": 80.86130555879022,
        "power": 0.6334691767403311,
        "storage": 64.57068705553401
      },
      "URLLC": {
        "bandwidth": 44.901085593290745,
        "compute": 91.53477105431,
        "power": 51.19314860881781,
        "storage": 45.67709136827661
      },
      "mMTC": {
        "bandwidth": 16.893550236954923,
        "compute": 7.601823134511039,
        "power": 20.992245156834667,
        "storage": 6.312277724763649
      }
    }
  },
  "global_limits": {
    "bandwidth_max": 300.0,
    "compute_max": 500.0,
    "power_max": 100.0,
    "storage_max": 300.0
  },
  "phase_constraints": {
    "PA": {
      "eMBB": {
        "throughput_min": 60.0,
        "latency_max": 10.0,
        "cost_max": 200.0
      },
      "URLLC": {
        "throughput_min": 5.0,
        "latency_max": 2.0,
        "cost_max": 200.0
      },
      "mMTC": {
        "throughput_min": 20.0,
        "latency_max": 10.0,
        "cost_max": 30.0
      }
    }
  },
  "kpis_best_solution": {
    "throughput": {
      "eMBB": 446.94228003527826,
      "URLLC": 104.51091748632372,
      "mMTC": 35.93132386508999
    },
    "latency_ms": {
      "eMBB": 0.05375605205191202,
      "URLLC": 0.06915016793864891,
      "mMTC": 1.3751268207020042
    },
    "cost_eur": {
      "eMBB": 427.8557259388059,
      "URLLC": 403.672396622647,
      "mMTC": 40.934787572623655
    },
    "energy": {
      "eMBB": 0.6334691767403311,
      "URLLC": 51.19314860881781,
      "mMTC": 20.992245156834667
    },
    "throughput_total": 587.384521386692,
    "latency_total_ms": 1.498033040692565,
    "cost_total_eur": 872.4629101340765,
    "energy_total": 72.81886294239281
  },
  "within_global_limits": true,
  "front_0": {
    "solutions_front_0": [
      {
        "id": 1,
        "resources": {
          "eMBB": {
            "bandwidth": 40.193474091999285,
            "compute": 11.01276730323506,
            "power": 0.6334691767403311,
            "storage": 52.056321147611186
          },
          "URLLC": {
            "bandwidth": 51.15359307550575,
            "compute": 15.721658771599822,
            "power": 0.398835282911858,
            "storage": 45.40210981619089
          },
          "mMTC": {
            "bandwidth": 16.893550236954923,
            "compute": 7.601823134511039,
            "power": 0.45839174920481174,
            "storage": 1.1971412937908839
          }
        },
        "kpis": {
          "throughput": {
            "eMBB": 79.15439135970746,
            "URLLC": 107.31893076186584,
            "mMTC": 33.77236019937643
          },
          "latency_ms": {
            "eMBB": 0.3050684583768773,
            "URLLC": 0.06733422636044045,
            "mMTC": 1.4658712048297344
          },
          "cost_eur": {
            "eMBB": 185.54700474328618,
            "URLLC": 179.82394321309005,
            "mMTC": 25.886238958195015
          },
          "energy": {
            "eMBB": 0.6334691767403311,
            "URLLC": 0.398835282911858,
            "mMTC": 0.45839174920481174
          },
          "throughput_total": 220.24568232094973,
          "latency_total_ms": 1.838273889567052,
          "cost_total_eur": 391.2571869145712,
          "energy_total": 1.4906962088570008
        }
      }
    ]
  }
}