{
  "scenario": {
    "name": "low_congestion",
    "congestion_level": "low_congestion",
    "mcs_mode": "fixed",
    "fixed_imcs": 28,
    "imcs_map": {
      "eMBB": 28,
      "URLLC": 28,
      "mMTC": 28
    },
    "arrival_rates": {
      "eMBB": 60.0,
      "URLLC": 60.0,
      "mMTC": 80.0
    },
    "alpha": 0.8,
    "kappa_run": 0.8
  },
  "resources": {
    "best_resources_vector": [
      67.41097188703152,
      29.41215308868923,
      3.738030187832919,
      65.16565596919887,
      157.8644970855414,
      57.23415451555296,
      5.898959737603193,
      7.805424403278272,
      73.11102613031343,
      8.835856435774257,
      57.15588104589712,
      10.39335511050835
    ],
    "best_fitness": [
      1325.9549876134513,
      -0.23844596027584763,
      -143.07727961840152,
      -66.79287097133323
    ],
    "best_resources_by_slice": {
      "eMBB": {
        "bandwidth": 67.41097188703152,
        "compute": 29.41215308868923,
        "power": 3.738030187832919,
        "storage": 65.16565596919887
      },
      "URLLC": {
        "bandwidth": 157.8644970855414,
        "compute": 57.23415451555296,
        "power": 5.898959737603193,
        "storage": 7.805424403278272
      },
      "mMTC": {
        "bandwidth": 73.11102613031343,
        "compute": 8.835856435774257,
        "power": 57.15588104589712,
        "storage": 10.39335511050835
      }
    }
  },
  "global_limits": {
    "bandwidth_max": 300.0,
    "compute_max": 500.0,
    "power_max": 100.0,
    "storage_max": 300.0
  },
  "phase_constraints": {
    "PA": {
      "eMBB": {
        "throughput_min": 60.0,
        "latency_max": 10.0,
        "cost_max": 200.0
      },
      "URLLC": {
        "throughput_min": 5.0,
        "latency_max": 2.0,
        "cost_max": 200.0
      },
      "mMTC": {
        "throughput_min": 20.0,
        "latency_max": 10.0,
        "cost_max": 30.0
      }
    }
  },
  "kpis_best_solution": {
    "throughput": {
      "eMBB": 299.55750632299635,
      "URLLC": 701.5103589238746,
      "mMTC": 324.88712236658034
    },
    "latency_ms": {
      "eMBB": 0.0802146481675164,
      "URLLC": 0.010268836350005696,
      "mMTC": 0.14796247575832552
    },
    "cost_eur": {
      "eMBB": 75.66224724631047,
      "URLLC": 52.03166313506498,
      "mMTC": 15.383369237026086
    },
    "energy": {
      "eMBB": 3.738030187832919,
      "URLLC": 5.898959737603193,
      "mMTC": 57.15588104589712
    },
    "throughput_total": 1325.9549876134513,
    "latency_total_ms": 0.23844596027584763,
    "cost_total_eur": 143.07727961840152,
    "energy_total": 66.79287097133323
  },
  "within_global_limits": true,
  "front_0": {
    "solutions_front_0": [
      {
        "id": 1,
        "resources": {
          "eMBB": {
            "bandwidth": 168.9785284387166,
            "compute": 7.076045545273136,
            "power": 1.5626082105049566,
            "storage": 15.9606542336721
          },
          "URLLC": {
            "bandwidth": 41.211583363300534,
            "compute": 40.2891869016464,
            "power": 15.177149063781092,
            "storage": 7.805424403278272
          },
          "mMTC": {
            "bandwidth": 86.1396211670573,
            "compute": 8.835856435774257,
            "power": 44.686697932409324,
            "storage": 6.1139929949603
          }
        },
        "kpis": {
          "throughput": {
            "eMBB": 750.8983357495471,
            "URLLC": 183.13397357066677,
            "mMTC": 382.78294156111093
          },
          "latency_ms": {
            "eMBB": 0.03197703882831495,
            "URLLC": 0.039393050173085455,
            "mMTC": 0.12555501503828678
          },
          "cost_eur": {
            "eMBB": 18.429359823156187,
            "URLLC": 38.475689043939745,
            "mMTC": 11.959879544587645
          },
          "energy": {
            "eMBB": 1.5626082105049566,
            "URLLC": 15.177149063781092,
            "mMTC": 44.686697932409324
          },
          "throughput_total": 1316.8152508813248,
          "latency_total_ms": 0.1969251040396872,
          "cost_total_eur": 68.86492841168358,
          "energy_total": 61.42645520669537
        }
      },
      {
        "id": 3,
        "resources": {
          "eMBB": {
            "bandwidth": 67.41097188703152,
            "compute": 29.41215308868923,
            "power": 3.738030187832919,
            "storage": 64.80634261549679
          },
          "URLLC": {
            "bandwidth": 157.8644970855414,
            "compute": 91.43522574552014,
            "power": 53.73241413958066,
            "storage": 7.805424403278272
          },
          "mMTC": {
            "bandwidth": 14.140550103499027,
            "compute": 2.00990068510124,
            "power": 0.3677945795103943,
            "storage": 1.0314366891394138
          }
        },
        "kpis": {
          "throughput": {
            "eMBB": 299.55750632299635,
            "URLLC": 701.5103589238746,
            "mMTC": 62.83706952242381
          },
          "latency_ms": {
            "eMBB": 0.0802146481675164,
            "URLLC": 0.010268836350005696,
            "mMTC": 0.7698055749498268
          },
          "cost_eur": {
            "eMBB": 75.37479656334881,
            "URLLC": 79.39252011903874,
            "mMTC": 2.4330698993925233
          },
          "energy": {
            "eMBB": 3.738030187832919,
            "URLLC": 53.73241413958066,
            "mMTC": 0.3677945795103943
          },
          "throughput_total": 1063.9049347692949,
          "latency_total_ms": 0.8602890594673489,
          "cost_total_eur": 157.2003865817801,
          "energy_total": 57.838238906923976
        }
      },
      {
        "id": 4,
        "resources": {
          "eMBB": {
            "bandwidth": 149.80164188976926,
            "compute": 55.9301899079726,
            "power": 56.33202527752105,
            "storage": 32.69910595817799
          },
          "URLLC": {
            "bandwidth": 58.85995929022063,
            "compute": 40.2891869016464,
            "power": 5.003539819822711,
            "storage": 49.8623886347617
          },
          "mMTC": {
            "bandwidth": 50.90762386827633,
            "compute": 2.00990068510124,
            "power": 0.3677945795103943,
            "storage": 1.0314366891394138
          }
        },
        "kpis": {
          "throughput": {
            "eMBB": 665.6810461476622,
            "URLLC": 261.558944095918,
            "mMTC": 226.22075356465297
          },
          "latency_ms": {
            "eMBB": 0.03607280296665636,
            "URLLC": 0.02756523418251605,
            "mMTC": 0.2126341482935527
          },
          "cost_eur": {
            "eMBB": 70.90343669292047,
            "URLLC": 72.12126042912648,
            "mMTC": 2.4330698993925233
          },
          "energy": {
            "eMBB": 56.33202527752105,
            "URLLC": 5.003539819822711,
            "mMTC": 0.3677945795103943
          },
          "throughput_total": 1153.460743808233,
          "latency_total_ms": 0.27627218544272514,
          "cost_total_eur": 145.45776702143948,
          "energy_total": 61.703359676854156
        }
      },
      {
        "id": 5,
        "resources": {
          "eMBB": {
            "bandwidth": 168.9785284387166,
            "compute": 36.45028611070528,
            "power": 1.5626082105049566,
            "storage": 52.03712786993398
          },
          "URLLC": {
            "bandwidth": 41.211583363300534,
            "compute": 40.2891869016464,
            "power": 15.177149063781092,
            "storage": 53.29722019129933
          },
          "mMTC": {
            "bandwidth": 86.1396211670573,
            "compute": 8.835856435774257,
            "power": 44.686697932409324,
            "storage": 9.010008585918168
          }
        },
        "kpis": {
          "throughput": {
            "eMBB": 750.8983357495471,